{
  "CreatedAt": "14.03.2020",
  "Author": "Katarzyna Kowalczyk",
  "Students": [
    {
      "Index": "459",
      "Name": "Paweł",
      "LastName": "Nowak1",
      "Email": "1@pjwstk.edu.pl",
      "MothersName": "Alina",
      "FathersName": "Adam",
      "BirthDate": "2000-02-12T00:00:00",
      "Studies": {
        "Name": "Informatyka dzienne",
        "Mode": "Dzienne"
      }
    },
    {
      "Index": "4816",
      "Name": "Kaja",
      "LastName": "Jankowski29",
      "Email": "29@pjwstk.edu.pl",
      "MothersName": "Alina",
      "FathersName": "Adam",
      "BirthDate": "2000-02-12T00:00:00",
      "Studies": {
        "Name": "Sztuka Nowych Mediów dzienne",
        "Mode": "Dzienne"
      }
    },
    {
      "Index": "4749",
      "Name": "Justyna",
      "LastName": "Kowalski30",
      "Email": "30@pjwstk.edu.pl",
      "MothersName": "Alina",
      "FathersName": "Adam",
      "BirthDate": "2000-02-12T00:00:00",
      "Studies": {
        "Name": "Sztuka Nowych Mediów dzienne",
        "Mode": "Dzienne"
      }
    },
    {
      "Index": "4432",
      "Name": "Michał",
      "LastName": "Nowak31",
      "Email": "31@pjwstk.edu.pl",
      "MothersName": "Alina",
      "FathersName": "Adam",
      "BirthDate": "2000-02-12T00:00:00",
      "Studies": {
        "Name": "Sztuka Nowych Mediów dzienne",
        "Mode": "Dzienne"
      }
    },
    {
      "Index": "4757",
      "Name": "Kamil",
      "LastName": "Brzęczyszczykiewicz32",
      "Email": "32@pjwstk.edu.pl",
      "MothersName": "Alina",
      "FathersName": "Adam",
      "BirthDate": "2000-02-12T00:00:00",
      "Studies": {
        "Name": "Sztuka Nowych Mediów dzienne",
        "Mode": "Dzienne"
      }
    },
    {
      "Index": "4655",
      "Name": "Marta",
      "LastName": "Maciejewski33",
      "Email": "33@pjwstk.edu.pl",
      "MothersName": "Alina",
      "FathersName": "Adam",
      "BirthDate": "2000-02-12T00:00:00",
      "Studies": {
        "Name": "Sztuka Nowych Mediów dzienne",
        "Mode": "Dzienne"
      }
    },
    {
      "Index": "4398",
      "Name": "Szymon",
      "LastName": "Jankowski34",
      "Email": "34@pjwstk.edu.pl",
      "MothersName": "Alina",
      "FathersName": "Adam",
      "BirthDate": "2000-02-12T00:00:00",
      "Studies": {
        "Name": "Sztuka Nowych Mediów dzienne",
        "Mode": "Dzienne"
      }
    },
    {
      "Index": "4799",
      "Name": "Joanna",
      "LastName": "Brzęczyszczykiewicz37",
      "Email": "37@pjwstk.edu.pl",
      "MothersName": "Alina",
      "FathersName": "Adam",
      "BirthDate": "2000-02-12T00:00:00",
      "Studies": {
        "Name": "Sztuka Nowych Mediów dzienne",
        "Mode": "Dzienne"
      }
    },
    {
      "Index": "4626",
      "Name": "Irena",
      "LastName": "Maciejewski38",
      "Email": "38@pjwstk.edu.pl",
      "MothersName": "Alina",
      "FathersName": "Adam",
      "BirthDate": "2000-02-12T00:00:00",
      "Studies": {
        "Name": "Sztuka Nowych Mediów dzienne",
        "Mode": "Dzienne"
      }
    },
    {
      "Index": "4446",
      "Name": "Adam",
      "LastName": "Jankowski39",
      "Email": "39@pjwstk.edu.pl",
      "MothersName": "Alina",
      "FathersName": "Adam",
      "BirthDate": "2000-02-12T00:00:00",
      "Studies": {
        "Name": "Sztuka Nowych Mediów dzienne",
        "Mode": "Dzienne"
      }
    },
    {
      "Index": "4396",
      "Name": "Kacper",
      "LastName": "Kowalski40",
      "Email": "40@pjwstk.edu.pl",
      "MothersName": "Alina",
      "FathersName": "Adam",
      "BirthDate": "2000-02-12T00:00:00",
      "Studies": {
        "Name": "Sztuka Nowych Mediów dzienne",
        "Mode": "Dzienne"
      }
    },
    {
      "Index": "4902",
      "Name": "Paweł",
      "LastName": "Nowak41",
      "Email": "41@pjwstk.edu.pl",
      "MothersName": "Alina",
      "FathersName": "Adam",
      "BirthDate": "2000-02-12T00:00:00",
      "Studies": {
        "Name": "Sztuka Nowych Mediów dzienne",
        "Mode": "Dzienne"
      }
    },
    {
      "Index": "4434",
      "Name": "Aleksandra",
      "LastName": "Brzęczyszczykiewicz42",
      "Email": "42@pjwstk.edu.pl",
      "MothersName": "Alina",
      "FathersName": "Adam",
      "BirthDate": "2000-02-12T00:00:00",
      "Studies": {
        "Name": "Sztuka Nowych Mediów zaoczne",
        "Mode": "Zaoczne"
      }
    },
    {
      "Index": "4517",
      "Name": "Katarzyna",
      "LastName": "Maciejewski43",
      "Email": "43@pjwstk.edu.pl",
      "MothersName": "Alina",
      "FathersName": "Adam",
      "BirthDate": "2000-02-12T00:00:00",
      "Studies": {
        "Name": "Sztuka Nowych Mediów dzienne",
        "Mode": "Dzienne"
      }
    },
    {
      "Index": "4705",
      "Name": "Grzegorz",
      "LastName": "Jankowski44",
      "Email": "44@pjwstk.edu.pl",
      "MothersName": "Alina",
      "FathersName": "Adam",
      "BirthDate": "2000-02-12T00:00:00",
      "Studies": {
        "Name": "Sztuka Nowych Mediów dzienne",
        "Mode": "Dzienne"
      }
    },
    {
      "Index": "4661",
      "Name": "Adrian",
      "LastName": "Kowalski45",
      "Email": "45@pjwstk.edu.pl",
      "MothersName": "Alina",
      "FathersName": "Adam",
      "BirthDate": "2000-02-12T00:00:00",
      "Studies": {
        "Name": "Sztuka Nowych Mediów dzienne",
        "Mode": "Dzienne"
      }
    },
    {
      "Index": "4842",
      "Name": "Jan",
      "LastName": "Nowak46",
      "Email": "46@pjwstk.edu.pl",
      "MothersName": "Alina",
      "FathersName": "Adam",
      "BirthDate": "2000-02-12T00:00:00",
      "Studies": {
        "Name": "Sztuka Nowych Mediów dzienne",
        "Mode": "Dzienne"
      }
    },
    {
      "Index": "4709",
      "Name": "Jakub",
      "LastName": "Brzęczyszczykiewicz47",
      "Email": "47@pjwstk.edu.pl",
      "MothersName": "Alina",
      "FathersName": "Adam",
      "BirthDate": "2000-02-12T00:00:00",
      "Studies": {
        "Name": "Sztuka Nowych Mediów dzienne",
        "Mode": "Dzienne"
      }
    },
    {
      "Index": "4792",
      "Name": "Iga",
      "LastName": "Maciejewski48",
      "Email": "48@pjwstk.edu.pl",
      "MothersName": "Alina",
      "FathersName": "Adam",
      "BirthDate": "2000-02-12T00:00:00",
      "Studies": {
        "Name": "Sztuka Nowych Mediów dzienne",
        "Mode": "Dzienne"
      }
    },
    {
      "Index": "4789",
      "Name": "Jakub",
      "LastName": "Jankowski49",
      "Email": "49@pjwstk.edu.pl",
      "MothersName": "Alina",
      "FathersName": "Adam",
      "BirthDate": "2000-02-12T00:00:00",
      "Studies": {
        "Name": "Sztuka Nowych Mediów dzienne",
        "Mode": "Dzienne"
      }
    },
    {
      "Index": "4708",
      "Name": "Maria",
      "LastName": "Kowalski50",
      "Email": "50@pjwstk.edu.pl",
      "MothersName": "Alina",
      "FathersName": "Adam",
      "BirthDate": "2000-02-12T00:00:00",
      "Studies": {
        "Name": "Sztuka Nowych Mediów dzienne",
        "Mode": "Dzienne"
      }
    },
    {
      "Index": "4404",
      "Name": "Artur",
      "LastName": "Nowak51",
      "Email": "51@pjwstk.edu.pl",
      "MothersName": "Alina",
      "FathersName": "Adam",
      "BirthDate": "2000-02-12T00:00:00",
      "Studies": {
        "Name": "Sztuka Nowych Mediów dzienne",
        "Mode": "Dzienne"
      }
    },
    {
      "Index": "4513",
      "Name": "Sabina",
      "LastName": "Brzęczyszczykiewicz52",
      "Email": "52@pjwstk.edu.pl",
      "MothersName": "Alina",
      "FathersName": "Adam",
      "BirthDate": "2000-02-12T00:00:00",
      "Studies": {
        "Name": "Sztuka Nowych Mediów dzienne",
        "Mode": "Dzienne"
      }
    },
    {
      "Index": "4442",
      "Name": "Łukasz",
      "LastName": "Maciejewski53",
      "Email": "53@pjwstk.edu.pl",
      "MothersName": "Alina",
      "FathersName": "Adam",
      "BirthDate": "2000-02-12T00:00:00",
      "Studies": {
        "Name": "Sztuka Nowych Mediów dzienne",
        "Mode": "Dzienne"
      }
    },
    {
      "Index": "4732",
      "Name": "Marcin",
      "LastName": "Jankowski54",
      "Email": "54@pjwstk.edu.pl",
      "MothersName": "Alina",
      "FathersName": "Adam",
      "BirthDate": "2000-02-12T00:00:00",
      "Studies": {
        "Name": "Sztuka Nowych Mediów dzienne",
        "Mode": "Dzienne"
      }
    },
    {
      "Index": "4506",
      "Name": "Rafał",
      "LastName": "Kowalski55",
      "Email": "55@pjwstk.edu.pl",
      "MothersName": "Alina",
      "FathersName": "Adam",
      "BirthDate": "2000-02-12T00:00:00",
      "Studies": {
        "Name": "Sztuka Nowych Mediów dzienne",
        "Mode": "Dzienne"
      }
    },
    {
      "Index": "4649",
      "Name": "Jan",
      "LastName": "Nowak56",
      "Email": "56@pjwstk.edu.pl",
      "MothersName": "Alina",
      "FathersName": "Adam",
      "BirthDate": "2000-02-12T00:00:00",
      "Studies": {
        "Name": "Sztuka Nowych Mediów dzienne",
        "Mode": "Dzienne"
      }
    },
    {
      "Index": "4755",
      "Name": "Jakub",
      "LastName": "Brzęczyszczykiewicz57",
      "Email": "57@pjwstk.edu.pl",
      "MothersName": "Alina",
      "FathersName": "Adam",
      "BirthDate": "2000-02-12T00:00:00",
      "Studies": {
        "Name": "Sztuka Nowych Mediów dzienne",
        "Mode": "Dzienne"
      }
    },
    {
      "Index": "4890",
      "Name": "Julia",
      "LastName": "Maciejewski58",
      "Email": "58@pjwstk.edu.pl",
      "MothersName": "Alina",
      "FathersName": "Adam",
      "BirthDate": "2000-02-12T00:00:00",
      "Studies": {
        "Name": "Sztuka Nowych Mediów dzienne",
        "Mode": "Dzienne"
      }
    },
    {
      "Index": "4594",
      "Name": "Karol",
      "LastName": "Jankowski59",
      "Email": "59@pjwstk.edu.pl",
      "MothersName": "Alina",
      "FathersName": "Adam",
      "BirthDate": "2000-02-12T00:00:00",
      "Studies": {
        "Name": "Sztuka Nowych Mediów dzienne",
        "Mode": "Dzienne"
      }
    },
    {
      "Index": "4925",
      "Name": "Katarzyna",
      "LastName": "Nowak61",
      "Email": "61@pjwstk.edu.pl",
      "MothersName": "Alina",
      "FathersName": "Adam",
      "BirthDate": "2000-02-12T00:00:00",
      "Studies": {
        "Name": "Sztuka Nowych Mediów dzienne",
        "Mode": "Dzienne"
      }
    },
    {
      "Index": "4748",
      "Name": "Marzena",
      "LastName": "Brzęczyszczykiewicz62",
      "Email": "62@pjwstk.edu.pl",
      "MothersName": "Alina",
      "FathersName": "Adam",
      "BirthDate": "2000-02-12T00:00:00",
      "Studies": {
        "Name": "Sztuka Nowych Mediów dzienne",
        "Mode": "Dzienne"
      }
    },
    {
      "Index": "4720",
      "Name": "Filip",
      "LastName": "Maciejewski63",
      "Email": "63@pjwstk.edu.pl",
      "MothersName": "Alina",
      "FathersName": "Adam",
      "BirthDate": "2000-02-12T00:00:00",
      "Studies": {
        "Name": "Sztuka Nowych Mediów dzienne",
        "Mode": "Dzienne"
      }
    },
    {
      "Index": "4423",
      "Name": "Karolina",
      "LastName": "Jankowski64",
      "Email": "64@pjwstk.edu.pl",
      "MothersName": "Alina",
      "FathersName": "Adam",
      "BirthDate": "2000-02-12T00:00:00",
      "Studies": {
        "Name": "Sztuka Nowych Mediów dzienne",
        "Mode": "Dzienne"
      }
    },
    {
      "Index": "4299",
      "Name": "Mateusz",
      "LastName": "Kowalski65",
      "Email": "65@pjwstk.edu.pl",
      "MothersName": "Alina",
      "FathersName": "Adam",
      "BirthDate": "2000-02-12T00:00:00",
      "Studies": {
        "Name": "Sztuka Nowych Mediów dzienne",
        "Mode": "Dzienne"
      }
    },
    {
      "Index": "4629",
      "Name": "Magdalena",
      "LastName": "Nowak66",
      "Email": "66@pjwstk.edu.pl",
      "MothersName": "Alina",
      "FathersName": "Adam",
      "BirthDate": "2000-02-12T00:00:00",
      "Studies": {
        "Name": "Sztuka Nowych Mediów dzienne",
        "Mode": "Dzienne"
      }
    },
    {
      "Index": "4889",
      "Name": "Igor",
      "LastName": "Brzęczyszczykiewicz67",
      "Email": "67@pjwstk.edu.pl",
      "MothersName": "Alina",
      "FathersName": "Adam",
      "BirthDate": "2000-02-12T00:00:00",
      "Studies": {
        "Name": "Sztuka Nowych Mediów dzienne",
        "Mode": "Dzienne"
      }
    },
    {
      "Index": "4831",
      "Name": "Bogumiła",
      "LastName": "Maciejewski68",
      "Email": "68@pjwstk.edu.pl",
      "MothersName": "Alina",
      "FathersName": "Adam",
      "BirthDate": "2000-02-12T00:00:00",
      "Studies": {
        "Name": "Sztuka Nowych Mediów dzienne",
        "Mode": "Dzienne"
      }
    },
    {
      "Index": "4478",
      "Name": "Paweł",
      "LastName": "Jankowski69",
      "Email": "69@pjwstk.edu.pl",
      "MothersName": "Alina",
      "FathersName": "Adam",
      "BirthDate": "2000-02-12T00:00:00",
      "Studies": {
        "Name": "Sztuka Nowych Mediów dzienne",
        "Mode": "Dzienne"
      }
    },
    {
      "Index": "4718",
      "Name": "Marta",
      "LastName": "Kowalski70",
      "Email": "70@pjwstk.edu.pl",
      "MothersName": "Alina",
      "FathersName": "Adam",
      "BirthDate": "2000-02-12T00:00:00",
      "Studies": {
        "Name": "Sztuka Nowych Mediów dzienne",
        "Mode": "Dzienne"
      }
    },
    {
      "Index": "4741",
      "Name": "Kamil",
      "LastName": "Nowak71",
      "Email": "71@pjwstk.edu.pl",
      "MothersName": "Alina",
      "FathersName": "Adam",
      "BirthDate": "2000-02-12T00:00:00",
      "Studies": {
        "Name": "Sztuka Nowych Mediów dzienne",
        "Mode": "Dzienne"
      }
    },
    {
      "Index": "4444",
      "Name": "Beata",
      "LastName": "Brzęczyszczykiewicz72",
      "Email": "72@pjwstk.edu.pl",
      "MothersName": "Alina",
      "FathersName": "Adam",
      "BirthDate": "2000-02-12T00:00:00",
      "Studies": {
        "Name": "Sztuka Nowych Mediów dzienne",
        "Mode": "Dzienne"
      }
    },
    {
      "Index": "4552",
      "Name": "Kacper",
      "LastName": "Maciejewski73",
      "Email": "73@pjwstk.edu.pl",
      "MothersName": "Alina",
      "FathersName": "Adam",
      "BirthDate": "2000-02-12T00:00:00",
      "Studies": {
        "Name": "Sztuka Nowych Mediów dzienne",
        "Mode": "Dzienne"
      }
    },
    {
      "Index": "4462",
      "Name": "Gustaw",
      "LastName": "Jankowski74",
      "Email": "74@pjwstk.edu.pl",
      "MothersName": "Alina",
      "FathersName": "Adam",
      "BirthDate": "2000-02-12T00:00:00",
      "Studies": {
        "Name": "Sztuka Nowych Mediów dzienne",
        "Mode": "Dzienne"
      }
    },
    {
      "Index": "4414",
      "Name": "Arkadiusz",
      "LastName": "Kowalski75",
      "Email": "75@pjwstk.edu.pl",
      "MothersName": "Alina",
      "FathersName": "Adam",
      "BirthDate": "2000-02-12T00:00:00",
      "Studies": {
        "Name": "Sztuka Nowych Mediów dzienne",
        "Mode": "Dzienne"
      }
    },
    {
      "Index": "4508",
      "Name": "Sonia",
      "LastName": "Nowak76",
      "Email": "76@pjwstk.edu.pl",
      "MothersName": "Alina",
      "FathersName": "Adam",
      "BirthDate": "2000-02-12T00:00:00",
      "Studies": {
        "Name": "Sztuka Nowych Mediów dzienne",
        "Mode": "Dzienne"
      }
    },
    {
      "Index": "4800",
      "Name": "Sandra",
      "LastName": "Brzęczyszczykiewicz77",
      "Email": "77@pjwstk.edu.pl",
      "MothersName": "Alina",
      "FathersName": "Adam",
      "BirthDate": "2000-02-12T00:00:00",
      "Studies": {
        "Name": "Sztuka Nowych Mediów dzienne",
        "Mode": "Dzienne"
      }
    },
    {
      "Index": "4429",
      "Name": "Małgorzata",
      "LastName": "Maciejewski78",
      "Email": "78@pjwstk.edu.pl",
      "MothersName": "Alina",
      "FathersName": "Adam",
      "BirthDate": "2000-02-12T00:00:00",
      "Studies": {
        "Name": "Sztuka Nowych Mediów dzienne",
        "Mode": "Dzienne"
      }
    },
    {
      "Index": "4927",
      "Name": "Kiyomi",
      "LastName": "Jankowski79",
      "Email": "79@pjwstk.edu.pl",
      "MothersName": "Alina",
      "FathersName": "Adam",
      "BirthDate": "2000-02-12T00:00:00",
      "Studies": {
        "Name": "Sztuka Nowych Mediów dzienne",
        "Mode": "Dzienne"
      }
    },
    {
      "Index": "4502",
      "Name": "Konrad",
      "LastName": "Kowalski80",
      "Email": "80@pjwstk.edu.pl",
      "MothersName": "Alina",
      "FathersName": "Adam",
      "BirthDate": "2000-02-12T00:00:00",
      "Studies": {
        "Name": "Sztuka Nowych Mediów dzienne",
        "Mode": "Dzienne"
      }
    },
    {
      "Index": "4744",
      "Name": "Tomasz",
      "LastName": "Nowak81",
      "Email": "81@pjwstk.edu.pl",
      "MothersName": "Alina",
      "FathersName": "Adam",
      "BirthDate": "2000-02-12T00:00:00",
      "Studies": {
        "Name": "Sztuka Nowych Mediów dzienne",
        "Mode": "Dzienne"
      }
    },
    {
      "Index": "4477",
      "Name": "Maciej",
      "LastName": "Brzęczyszczykiewicz82",
      "Email": "82@pjwstk.edu.pl",
      "MothersName": "Alina",
      "FathersName": "Adam",
      "BirthDate": "2000-02-12T00:00:00",
      "Studies": {
        "Name": "Sztuka Nowych Mediów dzienne",
        "Mode": "Dzienne"
      }
    },
    {
      "Index": "4736",
      "Name": "Katarzyna",
      "LastName": "Maciejewski83",
      "Email": "83@pjwstk.edu.pl",
      "MothersName": "Alina",
      "FathersName": "Adam",
      "BirthDate": "2000-02-12T00:00:00",
      "Studies": {
        "Name": "Sztuka Nowych Mediów dzienne",
        "Mode": "Dzienne"
      }
    },
    {
      "Index": "4849",
      "Name": "Klaudia",
      "LastName": "Jankowski84",
      "Email": "84@pjwstk.edu.pl",
      "MothersName": "Alina",
      "FathersName": "Adam",
      "BirthDate": "2000-02-12T00:00:00",
      "Studies": {
        "Name": "Sztuka Nowych Mediów dzienne",
        "Mode": "Dzienne"
      }
    },
    {
      "Index": "4819",
      "Name": "Michał",
      "LastName": "Kowalski85",
      "Email": "85@pjwstk.edu.pl",
      "MothersName": "Alina",
      "FathersName": "Adam",
      "BirthDate": "2000-02-12T00:00:00",
      "Studies": {
        "Name": "Sztuka Nowych Mediów dzienne",
        "Mode": "Dzienne"
      }
    },
    {
      "Index": "4445",
      "Name": "Sebastian",
      "LastName": "Nowak86",
      "Email": "86@pjwstk.edu.pl",
      "MothersName": "Alina",
      "FathersName": "Adam",
      "BirthDate": "2000-02-12T00:00:00",
      "Studies": {
        "Name": "Sztuka Nowych Mediów dzienne",
        "Mode": "Dzienne"
      }
    },
    {
      "Index": "4707",
      "Name": "Kamil",
      "LastName": "Brzęczyszczykiewicz87",
      "Email": "87@pjwstk.edu.pl",
      "MothersName": "Alina",
      "FathersName": "Adam",
      "BirthDate": "2000-02-12T00:00:00",
      "Studies": {
        "Name": "Sztuka Nowych Mediów dzienne",
        "Mode": "Dzienne"
      }
    },
    {
      "Index": "4764",
      "Name": "Jagna",
      "LastName": "Maciejewski88",
      "Email": "88@pjwstk.edu.pl",
      "MothersName": "Alina",
      "FathersName": "Adam",
      "BirthDate": "2000-02-12T00:00:00",
      "Studies": {
        "Name": "Sztuka Nowych Mediów dzienne",
        "Mode": "Dzienne"
      }
    },
    {
      "Index": "4722",
      "Name": "Izabela",
      "LastName": "Jankowski89",
      "Email": "89@pjwstk.edu.pl",
      "MothersName": "Alina",
      "FathersName": "Adam",
      "BirthDate": "2000-02-12T00:00:00",
      "Studies": {
        "Name": "Sztuka Nowych Mediów dzienne",
        "Mode": "Dzienne"
      }
    },
    {
      "Index": "4452",
      "Name": "Mateusz",
      "LastName": "Kowalski90",
      "Email": "90@pjwstk.edu.pl",
      "MothersName": "Alina",
      "FathersName": "Adam",
      "BirthDate": "2000-02-12T00:00:00",
      "Studies": {
        "Name": "Sztuka Nowych Mediów dzienne",
        "Mode": "Dzienne"
      }
    },
    {
      "Index": "4545",
      "Name": "Daria",
      "LastName": "Nowak91",
      "Email": "91@pjwstk.edu.pl",
      "MothersName": "Alina",
      "FathersName": "Adam",
      "BirthDate": "2000-02-12T00:00:00",
      "Studies": {
        "Name": "Sztuka Nowych Mediów dzienne",
        "Mode": "Dzienne"
      }
    },
    {
      "Index": "4771",
      "Name": "Agnieszka",
      "LastName": "Brzęczyszczykiewicz92",
      "Email": "92@pjwstk.edu.pl",
      "MothersName": "Alina",
      "FathersName": "Adam",
      "BirthDate": "2000-02-12T00:00:00",
      "Studies": {
        "Name": "Sztuka Nowych Mediów dzienne",
        "Mode": "Dzienne"
      }
    },
    {
      "Index": "4706",
      "Name": "Iwona",
      "LastName": "Maciejewski93",
      "Email": "93@pjwstk.edu.pl",
      "MothersName": "Alina",
      "FathersName": "Adam",
      "BirthDate": "2000-02-12T00:00:00",
      "Studies": {
        "Name": "Sztuka Nowych Mediów dzienne",
        "Mode": "Dzienne"
      }
    },
    {
      "Index": "4772",
      "Name": "Aleksandra",
      "LastName": "Jankowski94",
      "Email": "94@pjwstk.edu.pl",
      "MothersName": "Alina",
      "FathersName": "Adam",
      "BirthDate": "2000-02-12T00:00:00",
      "Studies": {
        "Name": "Sztuka Nowych Mediów dzienne",
        "Mode": "Dzienne"
      }
    },
    {
      "Index": "3374",
      "Name": "Tomasz",
      "LastName": "Kowalski95",
      "Email": "95@pjwstk.edu.pl",
      "MothersName": "Alina",
      "FathersName": "Adam",
      "BirthDate": "2000-02-12T00:00:00",
      "Studies": {
        "Name": "Informatyka dzienne",
        "Mode": "Dzienne"
      }
    },
    {
      "Index": "4756",
      "Name": "Jolanta",
      "LastName": "Nowak96",
      "Email": "96@pjwstk.edu.pl",
      "MothersName": "Alina",
      "FathersName": "Adam",
      "BirthDate": "2000-02-12T00:00:00",
      "Studies": {
        "Name": "Sztuka Nowych Mediów dzienne",
        "Mode": "Dzienne"
      }
    },
    {
      "Index": "4457",
      "Name": "Aleksandra",
      "LastName": "Brzęczyszczykiewicz97",
      "Email": "97@pjwstk.edu.pl",
      "MothersName": "Alina",
      "FathersName": "Adam",
      "BirthDate": "2000-02-12T00:00:00",
      "Studies": {
        "Name": "Sztuka Nowych Mediów dzienne",
        "Mode": "Dzienne"
      }
    },
    {
      "Index": "4412",
      "Name": "Paweł",
      "LastName": "Brzęczyszczykiewicz252",
      "Email": "252@pjwstk.edu.pl",
      "MothersName": "Alina",
      "FathersName": "Adam",
      "BirthDate": "2000-02-12T00:00:00",
      "Studies": {
        "Name": "Informatyka dzienne po angielsku",
        "Mode": "Dzienne"
      }
    },
    {
      "Index": "4525",
      "Name": "Dariusz",
      "LastName": "Maciejewski253",
      "Email": "253@pjwstk.edu.pl",
      "MothersName": "Alina",
      "FathersName": "Adam",
      "BirthDate": "2000-02-12T00:00:00",
      "Studies": {
        "Name": "Informatyka dzienne",
        "Mode": "Dzienne"
      }
    },
    {
      "Index": "4836",
      "Name": "Kamil",
      "LastName": "Jankowski254",
      "Email": "254@pjwstk.edu.pl",
      "MothersName": "Alina",
      "FathersName": "Adam",
      "BirthDate": "2000-02-12T00:00:00",
      "Studies": {
        "Name": "Informatyka dzienne",
        "Mode": "Dzienne"
      }
    },
    {
      "Index": "4788",
      "Name": "Łukasz",
      "LastName": "Kowalski255",
      "Email": "255@pjwstk.edu.pl",
      "MothersName": "Alina",
      "FathersName": "Adam",
      "BirthDate": "2000-02-12T00:00:00",
      "Studies": {
        "Name": "Informatyka dzienne",
        "Mode": "Dzienne"
      }
    },
    {
      "Index": "4474",
      "Name": "Tomasz",
      "LastName": "Nowak256",
      "Email": "256@pjwstk.edu.pl",
      "MothersName": "Alina",
      "FathersName": "Adam",
      "BirthDate": "2000-02-12T00:00:00",
      "Studies": {
        "Name": "Informatyka dzienne po angielsku",
        "Mode": "Dzienne"
      }
    },
    {
      "Index": "4454",
      "Name": "Michał",
      "LastName": "Brzęczyszczykiewicz257",
      "Email": "257@pjwstk.edu.pl",
      "MothersName": "Alina",
      "FathersName": "Adam",
      "BirthDate": "2000-02-12T00:00:00",
      "Studies": {
        "Name": "Informatyka dzienne",
        "Mode": "Dzienne"
      }
    },
    {
      "Index": "4443",
      "Name": "Patryk",
      "LastName": "Maciejewski258",
      "Email": "258@pjwstk.edu.pl",
      "MothersName": "Alina",
      "FathersName": "Adam",
      "BirthDate": "2000-02-12T00:00:00",
      "Studies": {
        "Name": "Informatyka dzienne",
        "Mode": "Dzienne"
      }
    },
    {
      "Index": "4851",
      "Name": "Bhagirath",
      "LastName": "Jankowski259",
      "Email": "259@pjwstk.edu.pl",
      "MothersName": "Alina",
      "FathersName": "Adam",
      "BirthDate": "2000-02-12T00:00:00",
      "Studies": {
        "Name": "Informatyka dzienne",
        "Mode": "Dzienne"
      }
    },
    {
      "Index": "4579",
      "Name": "Michał",
      "LastName": "Kowalski260",
      "Email": "260@pjwstk.edu.pl",
      "MothersName": "Alina",
      "FathersName": "Adam",
      "BirthDate": "2000-02-12T00:00:00",
      "Studies": {
        "Name": "Informatyka dzienne",
        "Mode": "Dzienne"
      }
    },
    {
      "Index": "4461",
      "Name": "Marek",
      "LastName": "Nowak261",
      "Email": "261@pjwstk.edu.pl",
      "MothersName": "Alina",
      "FathersName": "Adam",
      "BirthDate": "2000-02-12T00:00:00",
      "Studies": {
        "Name": "Informatyka dzienne",
        "Mode": "Dzienne"
      }
    },
    {
      "Index": "4747",
      "Name": "Przemysław",
      "LastName": "Brzęczyszczykiewicz262",
      "Email": "262@pjwstk.edu.pl",
      "MothersName": "Alina",
      "FathersName": "Adam",
      "BirthDate": "2000-02-12T00:00:00",
      "Studies": {
        "Name": "Informatyka dzienne",
        "Mode": "Dzienne"
      }
    },
    {
      "Index": "4762",
      "Name": "Marcin",
      "LastName": "Maciejewski263",
      "Email": "263@pjwstk.edu.pl",
      "MothersName": "Alina",
      "FathersName": "Adam",
      "BirthDate": "2000-02-12T00:00:00",
      "Studies": {
        "Name": "Informatyka dzienne",
        "Mode": "Dzienne"
      }
    },
    {
      "Index": "4413",
      "Name": "Zuzanna",
      "LastName": "Jankowski264",
      "Email": "264@pjwstk.edu.pl",
      "MothersName": "Alina",
      "FathersName": "Adam",
      "BirthDate": "2000-02-12T00:00:00",
      "Studies": {
        "Name": "Zarządzanie informacją dzienne (kierunek Zarządzanie)",
        "Mode": "Dzienne"
      }
    },
    {
      "Index": "4490",
      "Name": "Michał",
      "LastName": "Kowalski265",
      "Email": "265@pjwstk.edu.pl",
      "MothersName": "Alina",
      "FathersName": "Adam",
      "BirthDate": "2000-02-12T00:00:00",
      "Studies": {
        "Name": "Informatyka dzienne",
        "Mode": "Dzienne"
      }
    },
    {
      "Index": "4554",
      "Name": "Wojciech",
      "LastName": "Nowak266",
      "Email": "266@pjwstk.edu.pl",
      "MothersName": "Alina",
      "FathersName": "Adam",
      "BirthDate": "2000-02-12T00:00:00",
      "Studies": {
        "Name": "Informatyka dzienne po angielsku",
        "Mode": "Dzienne"
      }
    },
    {
      "Index": "4340",
      "Name": "Enkh-Amgalan",
      "LastName": "Brzęczyszczykiewicz267",
      "Email": "267@pjwstk.edu.pl",
      "MothersName": "Alina",
      "FathersName": "Adam",
      "BirthDate": "2000-02-12T00:00:00",
      "Studies": {
        "Name": "Informatyka dzienne",
        "Mode": "Dzienne"
      }
    },
    {
      "Index": "4586",
      "Name": "Adrian",
      "LastName": "Maciejewski268",
      "Email": "268@pjwstk.edu.pl",
      "MothersName": "Alina",
      "FathersName": "Adam",
      "BirthDate": "2000-02-12T00:00:00",
      "Studies": {
        "Name": "Informatyka dzienne",
        "Mode": "Dzienne"
      }
    },
    {
      "Index": "4798",
      "Name": "Bartosz",
      "LastName": "Jankowski269",
      "Email": "269@pjwstk.edu.pl",
      "MothersName": "Alina",
      "FathersName": "Adam",
      "BirthDate": "2000-02-12T00:00:00",
      "Studies": {
        "Name": "Informatyka dzienne",
        "Mode": "Dzienne"
      }
    },
    {
      "Index": "4711",
      "Name": "Jakub",
      "LastName": "Kowalski270",
      "Email": "270@pjwstk.edu.pl",
      "MothersName": "Alina",
      "FathersName": "Adam",
      "BirthDate": "2000-02-12T00:00:00",
      "Studies": {
        "Name": "Informatyka dzienne",
        "Mode": "Dzienne"
      }
    },
    {
      "Index": "4056",
      "Name": "Sebastian",
      "LastName": "Nowak271",
      "Email": "271@pjwstk.edu.pl",
      "MothersName": "Alina",
      "FathersName": "Adam",
      "BirthDate": "2000-02-12T00:00:00",
      "Studies": {
        "Name": "Informatyka dzienne",
        "Mode": "Dzienne"
      }
    },
    {
      "Index": "4549",
      "Name": "Aleksandra",
      "LastName": "Brzęczyszczykiewicz272",
      "Email": "272@pjwstk.edu.pl",
      "MothersName": "Alina",
      "FathersName": "Adam",
      "BirthDate": "2000-02-12T00:00:00",
      "Studies": {
        "Name": "Informatyka dzienne",
        "Mode": "Dzienne"
      }
    },
    {
      "Index": "4618",
      "Name": "Piotr",
      "LastName": "Maciejewski273",
      "Email": "273@pjwstk.edu.pl",
      "MothersName": "Alina",
      "FathersName": "Adam",
      "BirthDate": "2000-02-12T00:00:00",
      "Studies": {
        "Name": "Informatyka dzienne",
        "Mode": "Dzienne"
      }
    },
    {
      "Index": "4530",
      "Name": "Adrian",
      "LastName": "Jankowski274",
      "Email": "274@pjwstk.edu.pl",
      "MothersName": "Alina",
      "FathersName": "Adam",
      "BirthDate": "2000-02-12T00:00:00",
      "Studies": {
        "Name": "Informatyka dzienne",
        "Mode": "Dzienne"
      }
    },
    {
      "Index": "4607",
      "Name": "Andrzej",
      "LastName": "Kowalski275",
      "Email": "275@pjwstk.edu.pl",
      "MothersName": "Alina",
      "FathersName": "Adam",
      "BirthDate": "2000-02-12T00:00:00",
      "Studies": {
        "Name": "Informatyka dzienne",
        "Mode": "Dzienne"
      }
    },
    {
      "Index": "4459",
      "Name": "Wojciech",
      "LastName": "Nowak276",
      "Email": "276@pjwstk.edu.pl",
      "MothersName": "Alina",
      "FathersName": "Adam",
      "BirthDate": "2000-02-12T00:00:00",
      "Studies": {
        "Name": "Informatyka dzienne",
        "Mode": "Dzienne"
      }
    },
    {
      "Index": "4501",
      "Name": "Monika",
      "LastName": "Brzęczyszczykiewicz277",
      "Email": "277@pjwstk.edu.pl",
      "MothersName": "Alina",
      "FathersName": "Adam",
      "BirthDate": "2000-02-12T00:00:00",
      "Studies": {
        "Name": "Informatyka dzienne po angielsku",
        "Mode": "Dzienne"
      }
    },
    {
      "Index": "4858",
      "Name": "Jan",
      "LastName": "Maciejewski278",
      "Email": "278@pjwstk.edu.pl",
      "MothersName": "Alina",
      "FathersName": "Adam",
      "BirthDate": "2000-02-12T00:00:00",
      "Studies": {
        "Name": "Informatyka dzienne",
        "Mode": "Dzienne"
      }
    },
    {
      "Index": "4578",
      "Name": "Paweł",
      "LastName": "Jankowski279",
      "Email": "279@pjwstk.edu.pl",
      "MothersName": "Alina",
      "FathersName": "Adam",
      "BirthDate": "2000-02-12T00:00:00",
      "Studies": {
        "Name": "Informatyka dzienne",
        "Mode": "Dzienne"
      }
    },
    {
      "Index": "4555",
      "Name": "Bartosz",
      "LastName": "Kowalski280",
      "Email": "280@pjwstk.edu.pl",
      "MothersName": "Alina",
      "FathersName": "Adam",
      "BirthDate": "2000-02-12T00:00:00",
      "Studies": {
        "Name": "Informatyka dzienne",
        "Mode": "Dzienne"
      }
    },
    {
      "Index": "4589",
      "Name": "Agata",
      "LastName": "Nowak281",
      "Email": "281@pjwstk.edu.pl",
      "MothersName": "Alina",
      "FathersName": "Adam",
      "BirthDate": "2000-02-12T00:00:00",
      "Studies": {
        "Name": "Informatyka dzienne",
        "Mode": "Dzienne"
      }
    },
    {
      "Index": "4945",
      "Name": "Matthew",
      "LastName": "Brzęczyszczykiewicz282",
      "Email": "282@pjwstk.edu.pl",
      "MothersName": "Alina",
      "FathersName": "Adam",
      "BirthDate": "2000-02-12T00:00:00",
      "Studies": {
        "Name": "Informatyka dzienne",
        "Mode": "Dzienne"
      }
    },
    {
      "Index": "4556",
      "Name": "Piotr",
      "LastName": "Maciejewski283",
      "Email": "283@pjwstk.edu.pl",
      "MothersName": "Alina",
      "FathersName": "Adam",
      "BirthDate": "2000-02-12T00:00:00",
      "Studies": {
        "Name": "Informatyka dzienne po angielsku",
        "Mode": "Dzienne"
      }
    },
    {
      "Index": "4504",
      "Name": "Grzegorz",
      "LastName": "Jankowski284",
      "Email": "284@pjwstk.edu.pl",
      "MothersName": "Alina",
      "FathersName": "Adam",
      "BirthDate": "2000-02-12T00:00:00",
      "Studies": {
        "Name": "Informatyka dzienne po angielsku",
        "Mode": "Dzienne"
      }
    },
    {
      "Index": "4505",
      "Name": "Sebastian",
      "LastName": "Kowalski285",
      "Email": "285@pjwstk.edu.pl",
      "MothersName": "Alina",
      "FathersName": "Adam",
      "BirthDate": "2000-02-12T00:00:00",
      "Studies": {
        "Name": "Informatyka dzienne",
        "Mode": "Dzienne"
      }
    },
    {
      "Index": "4105",
      "Name": "Filip",
      "LastName": "Nowak286",
      "Email": "286@pjwstk.edu.pl",
      "MothersName": "Alina",
      "FathersName": "Adam",
      "BirthDate": "2000-02-12T00:00:00",
      "Studies": {
        "Name": "Informatyka dzienne",
        "Mode": "Dzienne"
      }
    },
    {
      "Index": "4487",
      "Name": "Jakub",
      "LastName": "Brzęczyszczykiewicz287",
      "Email": "287@pjwstk.edu.pl",
      "MothersName": "Alina",
      "FathersName": "Adam",
      "BirthDate": "2000-02-12T00:00:00",
      "Studies": {
        "Name": "Informatyka dzienne",
        "Mode": "Dzienne"
      }
    },
    {
      "Index": "4498",
      "Name": "Artur",
      "LastName": "Maciejewski288",
      "Email": "288@pjwstk.edu.pl",
      "MothersName": "Alina",
      "FathersName": "Adam",
      "BirthDate": "2000-02-12T00:00:00",
      "Studies": {
        "Name": "Informatyka dzienne",
        "Mode": "Dzienne"
      }
    },
    {
      "Index": "4471",
      "Name": "Piotr",
      "LastName": "Jankowski289",
      "Email": "289@pjwstk.edu.pl",
      "MothersName": "Alina",
      "FathersName": "Adam",
      "BirthDate": "2000-02-12T00:00:00",
      "Studies": {
        "Name": "Informatyka dzienne",
        "Mode": "Dzienne"
      }
    },
    {
      "Index": "4855",
      "Name": "Małgorzata",
      "LastName": "Kowalski290",
      "Email": "290@pjwstk.edu.pl",
      "MothersName": "Alina",
      "FathersName": "Adam",
      "BirthDate": "2000-02-12T00:00:00",
      "Studies": {
        "Name": "Informatyka dzienne",
        "Mode": "Dzienne"
      }
    },
    {
      "Index": "4752",
      "Name": "Arkadiusz",
      "LastName": "Nowak291",
      "Email": "291@pjwstk.edu.pl",
      "MothersName": "Alina",
      "FathersName": "Adam",
      "BirthDate": "2000-02-12T00:00:00",
      "Studies": {
        "Name": "Informatyka dzienne",
        "Mode": "Dzienne"
      }
    },
    {
      "Index": "4770",
      "Name": "Jakub",
      "LastName": "Brzęczyszczykiewicz292",
      "Email": "292@pjwstk.edu.pl",
      "MothersName": "Alina",
      "FathersName": "Adam",
      "BirthDate": "2000-02-12T00:00:00",
      "Studies": {
        "Name": "Informatyka dzienne",
        "Mode": "Dzienne"
      }
    },
    {
      "Index": "4476",
      "Name": "Adam",
      "LastName": "Maciejewski293",
      "Email": "293@pjwstk.edu.pl",
      "MothersName": "Alina",
      "FathersName": "Adam",
      "BirthDate": "2000-02-12T00:00:00",
      "Studies": {
        "Name": "Informatyka dzienne",
        "Mode": "Dzienne"
      }
    },
    {
      "Index": "4724",
      "Name": "Tomasz",
      "LastName": "Jankowski294",
      "Email": "294@pjwstk.edu.pl",
      "MothersName": "Alina",
      "FathersName": "Adam",
      "BirthDate": "2000-02-12T00:00:00",
      "Studies": {
        "Name": "Informatyka dzienne",
        "Mode": "Dzienne"
      }
    },
    {
      "Index": "4754",
      "Name": "Piotr",
      "LastName": "Kowalski295",
      "Email": "295@pjwstk.edu.pl",
      "MothersName": "Alina",
      "FathersName": "Adam",
      "BirthDate": "2000-02-12T00:00:00",
      "Studies": {
        "Name": "Informatyka dzienne",
        "Mode": "Dzienne"
      }
    },
    {
      "Index": "4769",
      "Name": "Michał",
      "LastName": "Nowak296",
      "Email": "296@pjwstk.edu.pl",
      "MothersName": "Alina",
      "FathersName": "Adam",
      "BirthDate": "2000-02-12T00:00:00",
      "Studies": {
        "Name": "Informatyka dzienne",
        "Mode": "Dzienne"
      }
    },
    {
      "Index": "4499",
      "Name": "Maciej",
      "LastName": "Brzęczyszczykiewicz297",
      "Email": "297@pjwstk.edu.pl",
      "MothersName": "Alina",
      "FathersName": "Adam",
      "BirthDate": "2000-02-12T00:00:00",
      "Studies": {
        "Name": "Informatyka dzienne",
        "Mode": "Dzienne"
      }
    },
    {
      "Index": "4733",
      "Name": "Jakub",
      "LastName": "Maciejewski298",
      "Email": "298@pjwstk.edu.pl",
      "MothersName": "Alina",
      "FathersName": "Adam",
      "BirthDate": "2000-02-12T00:00:00",
      "Studies": {
        "Name": "Informatyka dzienne",
        "Mode": "Dzienne"
      }
    },
    {
      "Index": "4584",
      "Name": "Kasper",
      "LastName": "Jankowski299",
      "Email": "299@pjwstk.edu.pl",
      "MothersName": "Alina",
      "FathersName": "Adam",
      "BirthDate": "2000-02-12T00:00:00",
      "Studies": {
        "Name": "Informatyka dzienne",
        "Mode": "Dzienne"
      }
    },
    {
      "Index": "4514",
      "Name": "Krzysztof",
      "LastName": "Kowalski300",
      "Email": "300@pjwstk.edu.pl",
      "MothersName": "Alina",
      "FathersName": "Adam",
      "BirthDate": "2000-02-12T00:00:00",
      "Studies": {
        "Name": "Informatyka dzienne",
        "Mode": "Dzienne"
      }
    },
    {
      "Index": "4448",
      "Name": "Michał",
      "LastName": "Nowak301",
      "Email": "301@pjwstk.edu.pl",
      "MothersName": "Alina",
      "FathersName": "Adam",
      "BirthDate": "2000-02-12T00:00:00",
      "Studies": {
        "Name": "Informatyka dzienne",
        "Mode": "Dzienne"
      }
    },
    {
      "Index": "4664",
      "Name": "Paweł",
      "LastName": "Brzęczyszczykiewicz302",
      "Email": "302@pjwstk.edu.pl",
      "MothersName": "Alina",
      "FathersName": "Adam",
      "BirthDate": "2000-02-12T00:00:00",
      "Studies": {
        "Name": "Informatyka dzienne",
        "Mode": "Dzienne"
      }
    },
    {
      "Index": "4935",
      "Name": "Katarzyna",
      "LastName": "Maciejewski303",
      "Email": "303@pjwstk.edu.pl",
      "MothersName": "Alina",
      "FathersName": "Adam",
      "BirthDate": "2000-02-12T00:00:00",
      "Studies": {
        "Name": "Informatyka dzienne",
        "Mode": "Dzienne"
      }
    },
    {
      "Index": "4485",
      "Name": "Konrad",
      "LastName": "Jankowski304",
      "Email": "304@pjwstk.edu.pl",
      "MothersName": "Alina",
      "FathersName": "Adam",
      "BirthDate": "2000-02-12T00:00:00",
      "Studies": {
        "Name": "Informatyka dzienne",
        "Mode": "Dzienne"
      }
    },
    {
      "Index": "4456",
      "Name": "Piotr",
      "LastName": "Kowalski305",
      "Email": "305@pjwstk.edu.pl",
      "MothersName": "Alina",
      "FathersName": "Adam",
      "BirthDate": "2000-02-12T00:00:00",
      "Studies": {
        "Name": "Informatyka dzienne",
        "Mode": "Dzienne"
      }
    },
    {
      "Index": "4107",
      "Name": "Jan",
      "LastName": "Nowak306",
      "Email": "306@pjwstk.edu.pl",
      "MothersName": "Alina",
      "FathersName": "Adam",
      "BirthDate": "2000-02-12T00:00:00",
      "Studies": {
        "Name": "Informatyka dzienne",
        "Mode": "Dzienne"
      }
    },
    {
      "Index": "4482",
      "Name": "Radosław",
      "LastName": "Brzęczyszczykiewicz307",
      "Email": "307@pjwstk.edu.pl",
      "MothersName": "Alina",
      "FathersName": "Adam",
      "BirthDate": "2000-02-12T00:00:00",
      "Studies": {
        "Name": "Informatyka dzienne po angielsku",
        "Mode": "Dzienne"
      }
    },
    {
      "Index": "4817",
      "Name": "Kacper",
      "LastName": "Maciejewski308",
      "Email": "308@pjwstk.edu.pl",
      "MothersName": "Alina",
      "FathersName": "Adam",
      "BirthDate": "2000-02-12T00:00:00",
      "Studies": {
        "Name": "Informatyka dzienne",
        "Mode": "Dzienne"
      }
    },
    {
      "Index": "4765",
      "Name": "Tomasz",
      "LastName": "Jankowski309",
      "Email": "309@pjwstk.edu.pl",
      "MothersName": "Alina",
      "FathersName": "Adam",
      "BirthDate": "2000-02-12T00:00:00",
      "Studies": {
        "Name": "Informatyka dzienne",
        "Mode": "Dzienne"
      }
    },
    {
      "Index": "4387",
      "Name": "Lech",
      "LastName": "Kowalski310",
      "Email": "310@pjwstk.edu.pl",
      "MothersName": "Alina",
      "FathersName": "Adam",
      "BirthDate": "2000-02-12T00:00:00",
      "Studies": {
        "Name": "Informatyka dzienne",
        "Mode": "Dzienne"
      }
    },
    {
      "Index": "4509",
      "Name": "Błażej",
      "LastName": "Nowak311",
      "Email": "311@pjwstk.edu.pl",
      "MothersName": "Alina",
      "FathersName": "Adam",
      "BirthDate": "2000-02-12T00:00:00",
      "Studies": {
        "Name": "Informatyka dzienne po angielsku",
        "Mode": "Dzienne"
      }
    },
    {
      "Index": "4609",
      "Name": "Karol",
      "LastName": "Brzęczyszczykiewicz312",
      "Email": "312@pjwstk.edu.pl",
      "MothersName": "Alina",
      "FathersName": "Adam",
      "BirthDate": "2000-02-12T00:00:00",
      "Studies": {
        "Name": "Informatyka dzienne",
        "Mode": "Dzienne"
      }
    },
    {
      "Index": "4481",
      "Name": "Paweł",
      "LastName": "Maciejewski313",
      "Email": "313@pjwstk.edu.pl",
      "MothersName": "Alina",
      "FathersName": "Adam",
      "BirthDate": "2000-02-12T00:00:00",
      "Studies": {
        "Name": "Informatyka dzienne",
        "Mode": "Dzienne"
      }
    },
    {
      "Index": "4512",
      "Name": "Wojciech",
      "LastName": "Jankowski314",
      "Email": "314@pjwstk.edu.pl",
      "MothersName": "Alina",
      "FathersName": "Adam",
      "BirthDate": "2000-02-12T00:00:00",
      "Studies": {
        "Name": "Informatyka dzienne po angielsku",
        "Mode": "Dzienne"
      }
    },
    {
      "Index": "4782",
      "Name": "Maciej",
      "LastName": "Kowalski315",
      "Email": "315@pjwstk.edu.pl",
      "MothersName": "Alina",
      "FathersName": "Adam",
      "BirthDate": "2000-02-12T00:00:00",
      "Studies": {
        "Name": "Informatyka dzienne",
        "Mode": "Dzienne"
      }
    },
    {
      "Index": "4492",
      "Name": "Michał",
      "LastName": "Nowak316",
      "Email": "316@pjwstk.edu.pl",
      "MothersName": "Alina",
      "FathersName": "Adam",
      "BirthDate": "2000-02-12T00:00:00",
      "Studies": {
        "Name": "Informatyka dzienne",
        "Mode": "Dzienne"
      }
    },
    {
      "Index": "4531",
      "Name": "Piotr",
      "LastName": "Brzęczyszczykiewicz317",
      "Email": "317@pjwstk.edu.pl",
      "MothersName": "Alina",
      "FathersName": "Adam",
      "BirthDate": "2000-02-12T00:00:00",
      "Studies": {
        "Name": "Informatyka dzienne",
        "Mode": "Dzienne"
      }
    },
    {
      "Index": "4406",
      "Name": "Marcin",
      "LastName": "Maciejewski318",
      "Email": "318@pjwstk.edu.pl",
      "MothersName": "Alina",
      "FathersName": "Adam",
      "BirthDate": "2000-02-12T00:00:00",
      "Studies": {
        "Name": "Informatyka dzienne po angielsku",
        "Mode": "Dzienne"
      }
    },
    {
      "Index": "4394",
      "Name": "Krzysztof",
      "LastName": "Jankowski319",
      "Email": "319@pjwstk.edu.pl",
      "MothersName": "Alina",
      "FathersName": "Adam",
      "BirthDate": "2000-02-12T00:00:00",
      "Studies": {
        "Name": "Informatyka dzienne",
        "Mode": "Dzienne"
      }
    },
    {
      "Index": "4627",
      "Name": "Michał",
      "LastName": "Kowalski320",
      "Email": "320@pjwstk.edu.pl",
      "MothersName": "Alina",
      "FathersName": "Adam",
      "BirthDate": "2000-02-12T00:00:00",
      "Studies": {
        "Name": "Informatyka internetowe magisterskie",
        "Mode": "Internetowe"
      }
    },
    {
      "Index": "4830",
      "Name": "Krzysztof",
      "LastName": "Nowak321",
      "Email": "321@pjwstk.edu.pl",
      "MothersName": "Alina",
      "FathersName": "Adam",
      "BirthDate": "2000-02-12T00:00:00",
      "Studies": {
        "Name": "Informatyka dzienne",
        "Mode": "Dzienne"
      }
    },
    {
      "Index": "4486",
      "Name": "Adrian",
      "LastName": "Brzęczyszczykiewicz322",
      "Email": "322@pjwstk.edu.pl",
      "MothersName": "Alina",
      "FathersName": "Adam",
      "BirthDate": "2000-02-12T00:00:00",
      "Studies": {
        "Name": "Informatyka dzienne",
        "Mode": "Dzienne"
      }
    },
    {
      "Index": "4447",
      "Name": "Mariusz",
      "LastName": "Maciejewski323",
      "Email": "323@pjwstk.edu.pl",
      "MothersName": "Alina",
      "FathersName": "Adam",
      "BirthDate": "2000-02-12T00:00:00",
      "Studies": {
        "Name": "Informatyka dzienne po angielsku",
        "Mode": "Dzienne"
      }
    },
    {
      "Index": "4580",
      "Name": "Bartosz",
      "LastName": "Jankowski324",
      "Email": "324@pjwstk.edu.pl",
      "MothersName": "Alina",
      "FathersName": "Adam",
      "BirthDate": "2000-02-12T00:00:00",
      "Studies": {
        "Name": "Informatyka dzienne po angielsku",
        "Mode": "Dzienne"
      }
    },
    {
      "Index": "4284",
      "Name": "Piotr",
      "LastName": "Kowalski325",
      "Email": "325@pjwstk.edu.pl",
      "MothersName": "Alina",
      "FathersName": "Adam",
      "BirthDate": "2000-02-12T00:00:00",
      "Studies": {
        "Name": "Informatyka dzienne",
        "Mode": "Dzienne"
      }
    },
    {
      "Index": "4440",
      "Name": "Michał",
      "LastName": "Nowak326",
      "Email": "326@pjwstk.edu.pl",
      "MothersName": "Alina",
      "FathersName": "Adam",
      "BirthDate": "2000-02-12T00:00:00",
      "Studies": {
        "Name": "Informatyka dzienne",
        "Mode": "Dzienne"
      }
    },
    {
      "Index": "4410",
      "Name": "Aleksander",
      "LastName": "Brzęczyszczykiewicz327",
      "Email": "327@pjwstk.edu.pl",
      "MothersName": "Alina",
      "FathersName": "Adam",
      "BirthDate": "2000-02-12T00:00:00",
      "Studies": {
        "Name": "Informatyka dzienne po angielsku",
        "Mode": "Dzienne"
      }
    },
    {
      "Index": "4615",
      "Name": "Andrzej",
      "LastName": "Maciejewski328",
      "Email": "328@pjwstk.edu.pl",
      "MothersName": "Alina",
      "FathersName": "Adam",
      "BirthDate": "2000-02-12T00:00:00",
      "Studies": {
        "Name": "Informatyka dzienne",
        "Mode": "Dzienne"
      }
    },
    {
      "Index": "4796",
      "Name": "Paweł",
      "LastName": "Jankowski329",
      "Email": "329@pjwstk.edu.pl",
      "MothersName": "Alina",
      "FathersName": "Adam",
      "BirthDate": "2000-02-12T00:00:00",
      "Studies": {
        "Name": "Informatyka dzienne",
        "Mode": "Dzienne"
      }
    },
    {
      "Index": "4458",
      "Name": "Paweł",
      "LastName": "Kowalski330",
      "Email": "330@pjwstk.edu.pl",
      "MothersName": "Alina",
      "FathersName": "Adam",
      "BirthDate": "2000-02-12T00:00:00",
      "Studies": {
        "Name": "Informatyka dzienne",
        "Mode": "Dzienne"
      }
    },
    {
      "Index": "4942",
      "Name": "Nakul",
      "LastName": "Brzęczyszczykiewicz332",
      "Email": "332@pjwstk.edu.pl",
      "MothersName": "Alina",
      "FathersName": "Adam",
      "BirthDate": "2000-02-12T00:00:00",
      "Studies": {
        "Name": "Informatyka dzienne po angielsku",
        "Mode": "Dzienne"
      }
    },
    {
      "Index": "4614",
      "Name": "Tomoto",
      "LastName": "Maciejewski333",
      "Email": "333@pjwstk.edu.pl",
      "MothersName": "Alina",
      "FathersName": "Adam",
      "BirthDate": "2000-02-12T00:00:00",
      "Studies": {
        "Name": "Informatyka dzienne",
        "Mode": "Dzienne"
      }
    },
    {
      "Index": "4822",
      "Name": "Krzysztof",
      "LastName": "Jankowski334",
      "Email": "334@pjwstk.edu.pl",
      "MothersName": "Alina",
      "FathersName": "Adam",
      "BirthDate": "2000-02-12T00:00:00",
      "Studies": {
        "Name": "Informatyka dzienne",
        "Mode": "Dzienne"
      }
    },
    {
      "Index": "4433",
      "Name": "Adam",
      "LastName": "Kowalski335",
      "Email": "335@pjwstk.edu.pl",
      "MothersName": "Alina",
      "FathersName": "Adam",
      "BirthDate": "2000-02-12T00:00:00",
      "Studies": {
        "Name": "Informatyka dzienne po angielsku",
        "Mode": "Dzienne"
      }
    },
    {
      "Index": "4557",
      "Name": "Jan",
      "LastName": "Nowak336",
      "Email": "336@pjwstk.edu.pl",
      "MothersName": "Alina",
      "FathersName": "Adam",
      "BirthDate": "2000-02-12T00:00:00",
      "Studies": {
        "Name": "Informatyka dzienne",
        "Mode": "Dzienne"
      }
    },
    {
      "Index": "4599",
      "Name": "Gabriel",
      "LastName": "Brzęczyszczykiewicz337",
      "Email": "337@pjwstk.edu.pl",
      "MothersName": "Alina",
      "FathersName": "Adam",
      "BirthDate": "2000-02-12T00:00:00",
      "Studies": {
        "Name": "Informatyka dzienne",
        "Mode": "Dzienne"
      }
    },
    {
      "Index": "4419",
      "Name": "Michał",
      "LastName": "Maciejewski338",
      "Email": "338@pjwstk.edu.pl",
      "MothersName": "Alina",
      "FathersName": "Adam",
      "BirthDate": "2000-02-12T00:00:00",
      "Studies": {
        "Name": "Informatyka dzienne",
        "Mode": "Dzienne"
      }
    },
    {
      "Index": "4828",
      "Name": "Michał",
      "LastName": "Jankowski339",
      "Email": "339@pjwstk.edu.pl",
      "MothersName": "Alina",
      "FathersName": "Adam",
      "BirthDate": "2000-02-12T00:00:00",
      "Studies": {
        "Name": "Informatyka dzienne",
        "Mode": "Dzienne"
      }
    },
    {
      "Index": "4460",
      "Name": "Kacper",
      "LastName": "Kowalski340",
      "Email": "340@pjwstk.edu.pl",
      "MothersName": "Alina",
      "FathersName": "Adam",
      "BirthDate": "2000-02-12T00:00:00",
      "Studies": {
        "Name": "Informatyka dzienne",
        "Mode": "Dzienne"
      }
    },
    {
      "Index": "4058",
      "Name": "Adrian",
      "LastName": "Nowak341",
      "Email": "341@pjwstk.edu.pl",
      "MothersName": "Alina",
      "FathersName": "Adam",
      "BirthDate": "2000-02-12T00:00:00",
      "Studies": {
        "Name": "Informatyka dzienne",
        "Mode": "Dzienne"
      }
    },
    {
      "Index": "4524",
      "Name": "Michał",
      "LastName": "Brzęczyszczykiewicz342",
      "Email": "342@pjwstk.edu.pl",
      "MothersName": "Alina",
      "FathersName": "Adam",
      "BirthDate": "2000-02-12T00:00:00",
      "Studies": {
        "Name": "Informatyka dzienne po angielsku",
        "Mode": "Dzienne"
      }
    },
    {
      "Index": "4588",
      "Name": "Katarzyna",
      "LastName": "Maciejewski343",
      "Email": "343@pjwstk.edu.pl",
      "MothersName": "Alina",
      "FathersName": "Adam",
      "BirthDate": "2000-02-12T00:00:00",
      "Studies": {
        "Name": "Informatyka dzienne",
        "Mode": "Dzienne"
      }
    },
    {
      "Index": "4743",
      "Name": "Piotr",
      "LastName": "Jankowski344",
      "Email": "344@pjwstk.edu.pl",
      "MothersName": "Alina",
      "FathersName": "Adam",
      "BirthDate": "2000-02-12T00:00:00",
      "Studies": {
        "Name": "Informatyka dzienne",
        "Mode": "Dzienne"
      }
    },
    {
      "Index": "4721",
      "Name": "Karol",
      "LastName": "Kowalski345",
      "Email": "345@pjwstk.edu.pl",
      "MothersName": "Alina",
      "FathersName": "Adam",
      "BirthDate": "2000-02-12T00:00:00",
      "Studies": {
        "Name": "Informatyka dzienne",
        "Mode": "Dzienne"
      }
    },
    {
      "Index": "4544",
      "Name": "Radosław",
      "LastName": "Nowak346",
      "Email": "346@pjwstk.edu.pl",
      "MothersName": "Alina",
      "FathersName": "Adam",
      "BirthDate": "2000-02-12T00:00:00",
      "Studies": {
        "Name": "Informatyka dzienne po angielsku",
        "Mode": "Dzienne"
      }
    },
    {
      "Index": "4426",
      "Name": "Marco",
      "LastName": "Brzęczyszczykiewicz347",
      "Email": "347@pjwstk.edu.pl",
      "MothersName": "Alina",
      "FathersName": "Adam",
      "BirthDate": "2000-02-12T00:00:00",
      "Studies": {
        "Name": "Informatyka dzienne",
        "Mode": "Dzienne"
      }
    },
    {
      "Index": "4532",
      "Name": "Jagoda",
      "LastName": "Maciejewski348",
      "Email": "348@pjwstk.edu.pl",
      "MothersName": "Alina",
      "FathersName": "Adam",
      "BirthDate": "2000-02-12T00:00:00",
      "Studies": {
        "Name": "Informatyka dzienne",
        "Mode": "Dzienne"
      }
    },
    {
      "Index": "4480",
      "Name": "Tomasz",
      "LastName": "Jankowski349",
      "Email": "349@pjwstk.edu.pl",
      "MothersName": "Alina",
      "FathersName": "Adam",
      "BirthDate": "2000-02-12T00:00:00",
      "Studies": {
        "Name": "Informatyka dzienne",
        "Mode": "Dzienne"
      }
    },
    {
      "Index": "4441",
      "Name": "Przemysław",
      "LastName": "Kowalski350",
      "Email": "350@pjwstk.edu.pl",
      "MothersName": "Alina",
      "FathersName": "Adam",
      "BirthDate": "2000-02-12T00:00:00",
      "Studies": {
        "Name": "Informatyka dzienne",
        "Mode": "Dzienne"
      }
    },
    {
      "Index": "4523",
      "Name": "Michał",
      "LastName": "Nowak351",
      "Email": "351@pjwstk.edu.pl",
      "MothersName": "Alina",
      "FathersName": "Adam",
      "BirthDate": "2000-02-12T00:00:00",
      "Studies": {
        "Name": "Informatyka dzienne",
        "Mode": "Dzienne"
      }
    },
    {
      "Index": "4766",
      "Name": "Bartosz",
      "LastName": "Brzęczyszczykiewicz352",
      "Email": "352@pjwstk.edu.pl",
      "MothersName": "Alina",
      "FathersName": "Adam",
      "BirthDate": "2000-02-12T00:00:00",
      "Studies": {
        "Name": "Informatyka dzienne",
        "Mode": "Dzienne"
      }
    },
    {
      "Index": "4941",
      "Name": "Achut",
      "LastName": "Maciejewski353",
      "Email": "353@pjwstk.edu.pl",
      "MothersName": "Alina",
      "FathersName": "Adam",
      "BirthDate": "2000-02-12T00:00:00",
      "Studies": {
        "Name": "Informatyka dzienne po angielsku",
        "Mode": "Dzienne"
      }
    },
    {
      "Index": "4647",
      "Name": "Aleksander",
      "LastName": "Jankowski354",
      "Email": "354@pjwstk.edu.pl",
      "MothersName": "Alina",
      "FathersName": "Adam",
      "BirthDate": "2000-02-12T00:00:00",
      "Studies": {
        "Name": "Informatyka dzienne po angielsku",
        "Mode": "Dzienne"
      }
    },
    {
      "Index": "4500",
      "Name": "Jan",
      "LastName": "Kowalski355",
      "Email": "355@pjwstk.edu.pl",
      "MothersName": "Alina",
      "FathersName": "Adam",
      "BirthDate": "2000-02-12T00:00:00",
      "Studies": {
        "Name": "Informatyka dzienne",
        "Mode": "Dzienne"
      }
    },
    {
      "Index": "4422",
      "Name": "Yuriy",
      "LastName": "Nowak356",
      "Email": "356@pjwstk.edu.pl",
      "MothersName": "Alina",
      "FathersName": "Adam",
      "BirthDate": "2000-02-12T00:00:00",
      "Studies": {
        "Name": "Informatyka dzienne",
        "Mode": "Dzienne"
      }
    },
    {
      "Index": "4660",
      "Name": "Michał",
      "LastName": "Brzęczyszczykiewicz357",
      "Email": "357@pjwstk.edu.pl",
      "MothersName": "Alina",
      "FathersName": "Adam",
      "BirthDate": "2000-02-12T00:00:00",
      "Studies": {
        "Name": "Informatyka dzienne po angielsku",
        "Mode": "Dzienne"
      }
    },
    {
      "Index": "4521",
      "Name": "Michał",
      "LastName": "Maciejewski358",
      "Email": "358@pjwstk.edu.pl",
      "MothersName": "Alina",
      "FathersName": "Adam",
      "BirthDate": "2000-02-12T00:00:00",
      "Studies": {
        "Name": "Informatyka dzienne po angielsku",
        "Mode": "Dzienne"
      }
    },
    {
      "Index": "4585",
      "Name": "Piotr",
      "LastName": "Jankowski359",
      "Email": "359@pjwstk.edu.pl",
      "MothersName": "Alina",
      "FathersName": "Adam",
      "BirthDate": "2000-02-12T00:00:00",
      "Studies": {
        "Name": "Informatyka dzienne",
        "Mode": "Dzienne"
      }
    },
    {
      "Index": "3081",
      "Name": "Mikołaj",
      "LastName": "Kowalski360",
      "Email": "360@pjwstk.edu.pl",
      "MothersName": "Alina",
      "FathersName": "Adam",
      "BirthDate": "2000-02-12T00:00:00",
      "Studies": {
        "Name": "Informatyka dzienne",
        "Mode": "Dzienne"
      }
    },
    {
      "Index": "4710",
      "Name": "Dariusz",
      "LastName": "Nowak361",
      "Email": "361@pjwstk.edu.pl",
      "MothersName": "Alina",
      "FathersName": "Adam",
      "BirthDate": "2000-02-12T00:00:00",
      "Studies": {
        "Name": "Informatyka dzienne",
        "Mode": "Dzienne"
      }
    },
    {
      "Index": "4385",
      "Name": "Anna",
      "LastName": "Brzęczyszczykiewicz362",
      "Email": "362@pjwstk.edu.pl",
      "MothersName": "Alina",
      "FathersName": "Adam",
      "BirthDate": "2000-02-12T00:00:00",
      "Studies": {
        "Name": "Informatyka dzienne",
        "Mode": "Dzienne"
      }
    },
    {
      "Index": "4529",
      "Name": "Piotr",
      "LastName": "Maciejewski363",
      "Email": "363@pjwstk.edu.pl",
      "MothersName": "Alina",
      "FathersName": "Adam",
      "BirthDate": "2000-02-12T00:00:00",
      "Studies": {
        "Name": "Informatyka dzienne",
        "Mode": "Dzienne"
      }
    },
    {
      "Index": "4522",
      "Name": "Michał",
      "LastName": "Jankowski364",
      "Email": "364@pjwstk.edu.pl",
      "MothersName": "Alina",
      "FathersName": "Adam",
      "BirthDate": "2000-02-12T00:00:00",
      "Studies": {
        "Name": "Informatyka zaoczne",
        "Mode": "Zaoczne"
      }
    },
    {
      "Index": "4827",
      "Name": "Dawid",
      "LastName": "Kowalski365",
      "Email": "365@pjwstk.edu.pl",
      "MothersName": "Alina",
      "FathersName": "Adam",
      "BirthDate": "2000-02-12T00:00:00",
      "Studies": {
        "Name": "Informatyka dzienne",
        "Mode": "Dzienne"
      }
    },
    {
      "Index": "4518",
      "Name": "Karol",
      "LastName": "Nowak366",
      "Email": "366@pjwstk.edu.pl",
      "MothersName": "Alina",
      "FathersName": "Adam",
      "BirthDate": "2000-02-12T00:00:00",
      "Studies": {
        "Name": "Informatyka dzienne",
        "Mode": "Dzienne"
      }
    },
    {
      "Index": "4384",
      "Name": "Adrian",
      "LastName": "Brzęczyszczykiewicz367",
      "Email": "367@pjwstk.edu.pl",
      "MothersName": "Alina",
      "FathersName": "Adam",
      "BirthDate": "2000-02-12T00:00:00",
      "Studies": {
        "Name": "Informatyka dzienne",
        "Mode": "Dzienne"
      }
    },
    {
      "Index": "4496",
      "Name": "Łukasz",
      "LastName": "Maciejewski368",
      "Email": "368@pjwstk.edu.pl",
      "MothersName": "Alina",
      "FathersName": "Adam",
      "BirthDate": "2000-02-12T00:00:00",
      "Studies": {
        "Name": "Informatyka dzienne",
        "Mode": "Dzienne"
      }
    },
    {
      "Index": "4750",
      "Name": "Adam",
      "LastName": "Jankowski369",
      "Email": "369@pjwstk.edu.pl",
      "MothersName": "Alina",
      "FathersName": "Adam",
      "BirthDate": "2000-02-12T00:00:00",
      "Studies": {
        "Name": "Informatyka dzienne",
        "Mode": "Dzienne"
      }
    },
    {
      "Index": "4111",
      "Name": "Arkadiusz",
      "LastName": "Kowalski370",
      "Email": "370@pjwstk.edu.pl",
      "MothersName": "Alina",
      "FathersName": "Adam",
      "BirthDate": "2000-02-12T00:00:00",
      "Studies": {
        "Name": "Informatyka dzienne",
        "Mode": "Dzienne"
      }
    },
    {
      "Index": "4484",
      "Name": "Jakub",
      "LastName": "Nowak371",
      "Email": "371@pjwstk.edu.pl",
      "MothersName": "Alina",
      "FathersName": "Adam",
      "BirthDate": "2000-02-12T00:00:00",
      "Studies": {
        "Name": "Informatyka dzienne",
        "Mode": "Dzienne"
      }
    },
    {
      "Index": "4483",
      "Name": "Michał",
      "LastName": "Brzęczyszczykiewicz372",
      "Email": "372@pjwstk.edu.pl",
      "MothersName": "Alina",
      "FathersName": "Adam",
      "BirthDate": "2000-02-12T00:00:00",
      "Studies": {
        "Name": "Informatyka dzienne po angielsku",
        "Mode": "Dzienne"
      }
    },
    {
      "Index": "4751",
      "Name": "Tomasz",
      "LastName": "Maciejewski373",
      "Email": "373@pjwstk.edu.pl",
      "MothersName": "Alina",
      "FathersName": "Adam",
      "BirthDate": "2000-02-12T00:00:00",
      "Studies": {
        "Name": "Informatyka dzienne",
        "Mode": "Dzienne"
      }
    },
    {
      "Index": "4528",
      "Name": "Radosław",
      "LastName": "Jankowski374",
      "Email": "374@pjwstk.edu.pl",
      "MothersName": "Alina",
      "FathersName": "Adam",
      "BirthDate": "2000-02-12T00:00:00",
      "Studies": {
        "Name": "Informatyka dzienne",
        "Mode": "Dzienne"
      }
    },
    {
      "Index": "4533",
      "Name": "Paweł",
      "LastName": "Kowalski375",
      "Email": "375@pjwstk.edu.pl",
      "MothersName": "Alina",
      "FathersName": "Adam",
      "BirthDate": "2000-02-12T00:00:00",
      "Studies": {
        "Name": "Informatyka dzienne",
        "Mode": "Dzienne"
      }
    },
    {
      "Index": "4814",
      "Name": "Przemysław",
      "LastName": "Nowak376",
      "Email": "376@pjwstk.edu.pl",
      "MothersName": "Alina",
      "FathersName": "Adam",
      "BirthDate": "2000-02-12T00:00:00",
      "Studies": {
        "Name": "Informatyka dzienne",
        "Mode": "Dzienne"
      }
    },
    {
      "Index": "4753",
      "Name": "Adam",
      "LastName": "Brzęczyszczykiewicz377",
      "Email": "377@pjwstk.edu.pl",
      "MothersName": "Alina",
      "FathersName": "Adam",
      "BirthDate": "2000-02-12T00:00:00",
      "Studies": {
        "Name": "Informatyka dzienne",
        "Mode": "Dzienne"
      }
    },
    {
      "Index": "4520",
      "Name": "Dawid",
      "LastName": "Maciejewski378",
      "Email": "378@pjwstk.edu.pl",
      "MothersName": "Alina",
      "FathersName": "Adam",
      "BirthDate": "2000-02-12T00:00:00",
      "Studies": {
        "Name": "Informatyka dzienne",
        "Mode": "Dzienne"
      }
    },
    {
      "Index": "4837",
      "Name": "Adrian",
      "LastName": "Jankowski379",
      "Email": "379@pjwstk.edu.pl",
      "MothersName": "Alina",
      "FathersName": "Adam",
      "BirthDate": "2000-02-12T00:00:00",
      "Studies": {
        "Name": "Informatyka dzienne",
        "Mode": "Dzienne"
      }
    },
    {
      "Index": "4611",
      "Name": "Sławomir",
      "LastName": "Kowalski380",
      "Email": "380@pjwstk.edu.pl",
      "MothersName": "Alina",
      "FathersName": "Adam",
      "BirthDate": "2000-02-12T00:00:00",
      "Studies": {
        "Name": "Informatyka dzienne",
        "Mode": "Dzienne"
      }
    },
    {
      "Index": "4616",
      "Name": "Rafał",
      "LastName": "Nowak381",
      "Email": "381@pjwstk.edu.pl",
      "MothersName": "Alina",
      "FathersName": "Adam",
      "BirthDate": "2000-02-12T00:00:00",
      "Studies": {
        "Name": "Informatyka dzienne",
        "Mode": "Dzienne"
      }
    },
    {
      "Index": "4603",
      "Name": "Agnieszka",
      "LastName": "Brzęczyszczykiewicz382",
      "Email": "382@pjwstk.edu.pl",
      "MothersName": "Alina",
      "FathersName": "Adam",
      "BirthDate": "2000-02-12T00:00:00",
      "Studies": {
        "Name": "Informatyka dzienne po angielsku",
        "Mode": "Dzienne"
      }
    }
  ]
}